id,summary,displayAddress,latitude,longitude,propertySubType,tenureType,price,priceFrequency,currencyCode,firstVisibleDate,listingUpdateDate,updateDate,listingUpdateReason,commercial,residential,numberOfImages,status,changed_columns,Region,message,location,date,address,agentCompanyAddress,agentCompanyName,agentCompanyPhone,agentCompanyPostcode,detailedDescription,infoReelItems,keyFeatures,listingHistory,nearestStations,pageTitle,postalCode,primaryPrice,region,shareDescription,sizeAc,sizeFt,tenure,tenureFull,name,description,currency,pointsOfInterest,analyticsTaxonomy,floorAreaUnits,pricePerUnit,matched_keyword,keyword,agentCity,agentEmail,agentName,agentPhone,agentPostcode,agentStreet,useClass,pricePerSqft,priceTotal,saleType,city,size,sizeUnit,subType,postedDate,monthsSincePosted,predictedCategory,confidence,reasoning
HK-F001,"FOR SALE - Freehold former Co-op convenience store, Bicester, Oxfordshire","18 Sheep Street, Bicester, OX26 6JW",,,retail,,385000.0,,,,,,,,,,,,,,,,,,,,,"Freehold retail unit comprising a former Co-op convenience store, vacant since the operator's relocation to a larger format store on the edge of town. A1 use class throughout. The property benefits from a prominent corner position on Sheep Street with excellent footfall from both pedestrian and vehicular traffic. Internally the unit retains chiller cabinets, shelving runs and a rear stockroom from its previous use, with potential for a new food retail operator to fit out with minimal works. Rear servicing yard provides delivery access. Energy performance certificate available on request.",,"['A1 Use Class', 'Former Co-op convenience store', '1,850 sq ft ground floor', 'Vacant possession', 'High footfall town centre location', 'Rear loading access']",,,,,,,,,,FREEHOLD,,,,,,,,,,,,,,,,,,,,,,,,,,,Food Store,High,"The property is a 'former Co-op convenience store' with an A1 use class, directly matching the retail and food store criteria. The description explicitly mentions potential for a 'new food retail operator' and highlights its history as a convenience store."
89924760.0,** Timed Online Auction - 02 July 2026 ** EXCELLENT OPPORTUNITY to purchase a plot just over an acre of Land in PEACEFUL COUNTRYSIDE SETTING with panoramic countryside views. RARELY AVAILABLE parcel of ancient woodland..,"Plots 62 to 68, Fryarne Park, Stelling Minnis Canterbury, CT46BL",51.18346,1.0912,,,21000.0,not specified,GBP,2026-06-19T14:30:24Z,2026-06-19T14:36:06Z,2026-06-19T16:17:56Z,new,True,True,4.0,new,,CT,,,,"{'displayAddress': ' Plots 62 to 68, Fryarne Park, Stelling Minnis Canterbury, CT46BL', 'countryCode': 'GB', 'deliveryPointId': None, 'ukCountry': 'England', 'outcode': 'CT4', 'incode': '6BL'}","241 Kilmarnock Road
Glasgow
G41 3JF",Future Auctions Ltd,0141 632 6599,G41 3JF,"** SALE BY AUCTION - 02 July 2026 - Timed Online Auction ** EXCELLENT OPPORTUNITY to purchase a plot just over an acre of Land in PEACEFUL COUNTRYSIDE SETTING with panoramic countryside views. RARELY AVAILABLE parcel of ancient woodland. Old brown field sites, opportunity to develop an eco-home hidden within the gully subject to planning. PICTURESQUE LOCATION an abundance of flora and fauna. The ancient bluebell carpet is particularly spectacular. Also comprises some old flint quarries which are now gullies facing the lane. The upper part of the woodland contains the bluebells but the old quarries are an excellent source of logs for wood burners. There is access to a water source nearby. This exceptional plot may represent an opportunity to build in a peaceful yet well-connected location subject to researching and gaining the necessary consents and usage rights. EXCELLENT LOCATION Overall, Fryarne Park offers an attractive combination of rural tranquillity, strong community spirit, beautiful countryside, and access to Canterbury, Fryarne Park) is a rural residential area on the edge of the village of Stelling Minnis, located approximately 8 miles (13 km) south of Canterbury within the beautiful Kent Downs. Historically, Fryarne Park has been associated with a medieval estate and parkland, and today it is known for its peaceful countryside setting, mature woodland, and attractive rural surroundings. The area appeals to buyers seeking a quiet village lifestyle with larger properties, open views, and access to nature while remaining within commuting distance of Canterbury and the Kent coast. The local community is one of Stelling Minnis's strongest attractions. The village has a traditional, close-knit atmosphere where residents are actively involved in local events, conservation projects, and parish activities. The large village common, one of the few surviving historic commons in Kent, acts as a focal point for community life and outdoor recreation. Residents often describe the area as friendly, safe, and family-oriented, with a strong sense of belonging that is increasingly rare in larger towns. Amenities are modest but sufficient for everyday village living. The village benefits from Stelling Minnis Post Office and Stores, which provides groceries, postal services, and daily essentials. There is also the well-known Rose and Crown pub, a popular social hub for residents. For a wider range of shopping, most residents travel to Canterbury, Ashford, or Folkestone. Auction Details 02 July 2026, 10am-3pm Timed Online Auction How to Bid Now Submit an enquiry now or visit our website for full details on how to BID ON THIS PROPERTY. Future Property Auctions - Scotland's Largest Land and Property Auction House. Over 400 lots auctioned every 2 weeks including flats, houses, land & commercial. Get a Fast Sale and a Fair Price with Future Property Auctions. Contact Us now for a FREE Auction Valuation.

Key Features:
EXCELLENT OPPORTUNITY to purchase a plot just over an acre of Land in PEACEFUL COUNTRYSIDE SETTING with panoramic countryside views. RARELY AVAILABLE parcel of ancient woodland.
PICTURESQUE LOCATION an abundance of flora and fauna. The ancient bluebell carpet is particularly spectacular. Also comprises some old flint quarries which are now gullies facing the lane.
The upper part of the woodland contains the bluebells but the old quarries are an excellent source of logs for wood burners. There is access to a water source nearby
This exceptional plot may represent an opportunity to build in a peaceful yet well-connected location subject to researching and gaining the necessary consents and usage rights. 
EXCELLENT LOCATION Overall, Fryarne Park offers an attractive combination of rural tranquillity, strong community spirit, beautiful countryside, and access to Canterbury,","[{'title': 123, 'type': 124, 'primaryText': 10, 'secondaryText': 116, 'tooltipText': 116}, {'title': 126, 'type': 126, 'primaryText': 127, 'secondaryText': 116, 'tooltipText': 116}]","['EXCELLENT OPPORTUNITY to purchase a plot just over an acre of Land in PEACEFUL COUNTRYSIDE SETTING with panoramic countryside views. RARELY AVAILABLE parcel of ancient woodland.', 'PICTURESQUE LOCATION an abundance of flora and fauna. The ancient bluebell carpet is particularly spectacular. Also comprises some old flint quarries which are now gullies facing the lane.', 'The upper part of the woodland contains the bluebells but the old quarries are an excellent source of logs for wood burners. There is access to a water source nearby', 'This exceptional plot may represent an opportunity to build in a peaceful yet well-connected location subject to researching and gaining the necessary consents and usage rights. ', 'EXCELLENT LOCATION Overall, Fryarne Park offers an attractive combination of rural tranquillity, strong community spirit, beautiful countryside, and access to Canterbury,']",{'listingUpdateReason': 116},"[{'name': 103, 'types': 104, 'distance': 106, 'unit': 107}]","Land for sale in  Plots 62 to 68, Fryarne Park, Stelling Minnis Canterbury, CT46BL, CT4",CT4 6BL,"£21,000.00",,"Land for sale in  Plots 62 to 68, Fryarne Park, Stelling Minnis Canterbury, CT46BL, CT4 for £21,000. Marketed by Future Property Auctions, Glasgow",,,,"{'tenureType': None, 'yearsRemainingOnLease': None, 'message': None}",,,,,,,,,,,,,,,,,,,,,,,,,,None,High,"The listing is for a plot of land (ancient woodland) for potential residential development ('opportunity to build'). It does not match any of the specific acquisition types required for Nursery, SEN School, or Food Store. There is no evidence of commercial infrastructure, existing buildings, or suitability for educational, childcare, or retail use."
72439054,,"Station Road, Ashington NE63",,,retail,,290000.0,,,,,,,,,,new,,,,,,,"Keith Pattinson Ltd, Kingfisher Way, Silverlink, Wallsend, Newcastle Upon Tyne",Pattinson - Commercial,0191 686 1492,NE28 9NY,"Summary Prime Freehold High Street Investment - Station Road, Ashington An opportunity to acquire a substantial freehold commercial investment occupying a prime and highly visible position on Station Road, Ashington's main High Street. The property extends to approximately 637.50 sq m (6,862 sq ft) arranged over three floors and is fully let, producing an established income stream with leases in place until 2036, offering long-term security for investors. The ground and first floors operate as a substantial retail premises with ancillary storage, while the second floor is independently utilised as a dance studio, enhancing diversification of income within the building. Situated in a strong trading position within Ashington town centre, the property benefits from excellent frontage, consistent pedestrian and vehicular traffic, nearby public parking and close proximity to national and independent occupiers. This is a rare opportunity to secure a sizeable freehold commercial asset in a dominant High Street position with long-term tenant security and significant future potential. EPC rating: E Location The subject property is well located along Station Road. This property is located within easy reach of local amenities, transport links and schools. The subject property is located approximately 0.3 miles from Ashington town centre and approximately 17.7 miles from Newcastle city centre. Accommodation The accommodation is configured as follows: Ground Floor Retail Unit: 283.90 sq m (3,056 sq ft) First Floor Storage (serving ground floor): 235.20 sq m (2,532 sq ft) Second Floor Dance Studio: 118.40 sq m (1,274 sq ft) Tenure Freehold. Title number ND63071. VAT We are advised VAT is applicable on the purchase price. EPC Available upon request. Additional Information For further information please contact our Ashington office direct on , or alternatively via e-mail on . With regards to viewing the subject property, this is to be done strictly by appointment through Keith Pattinson Commercial department. Please contact us to arrange an internal inspection, or to register your interest.",,,,,,NE63 9UJ,,north-east,,,6862.0,,,Retail premises for sale," Summary Prime Freehold High Street Investment - Station Road, Ashington An opportunity to acquire a substantial freehold commercial investment ...",GBP,"[{'__typename': 'PointOfInterest', 'title': 'Get U Started Training (SEN)', 'type': 'uk_school_primary_and_secondary', 'distanceMiles': 0.2}, {'__typename': 'PointOfInterest', 'title': 'Central Primary School', 'type': 'uk_school_primary', 'distanceMiles': 0.2}, {'__typename': 'PointOfInterest', 'title': 'Pegswood', 'type': 'national_rail_station', 'distanceMiles': 2.9}, {'__typename': 'PointOfInterest', 'title': 'Widdrington', 'type': 'national_rail_station', 'distanceMiles': 4.4}]","{'__typename': 'ListingAnalyticsTaxonomy', 'location': 'Ashington', 'regionName': 'North East England', 'section': 'for-sale', 'areaName': 'Ashington', 'bedsMax': None, 'bedsMin': None, 'branchId': 72482, 'branchLogoUrl': 'https://st.zoocdn.com/zoopla_static_agent_logo_(770458).png', 'branchName': 'Pattinson - Commercial', 'brandName': 'Pattinson', 'chainFree': False, 'companyId': 26840, 'countryCode': 'gb', 'countyAreaName': 'Northumberland', 'currencyCode': 'GBP', 'displayAddress': 'Station Road, Ashington NE63', 'furnishedState': '', 'groupId': None, 'hasEpc': False, 'hasFloorplan': True, 'incode': '9UJ', 'isRetirementHome': False, 'isSharedOwnership': False, 'listingCondition': 'pre-owned', 'listingId': 72439054, 'listingsCategory': 'commercial', 'listingStatus': 'for_sale', 'memberType': 'agent', 'numBaths': None, 'numBeds': None, 'numImages': 28, 'numRecepts': None, 'outcode': 'NE63', 'postalArea': 'NE', 'postTownName': 'Ashington', 'priceActual': 290000, 'price': 290000, 'priceMax': 300000, 'priceMin': 275000, 'priceQualifier': 'guide_price', 'propertyHighlight': '', 'propertyType': 'retail', 'sizeSqFeet': '6862', 'smartTags': None, 'tenure': None, 'zindex': None}",sq. ft,42.26,,,,,,,,,,,,,,,,,,,Food Store,High,"The property is explicitly described as a 'retail' unit located on a 'main High Street' with high visibility. This aligns perfectly with the 'Existing retail units', 'Local centres', and 'Shopping parades' criteria for the Food Store category."
73310018,,"High Street, Rothbury, Morpeth, Northumberland NE65",,,retail,,295000.0,,,,,,,,,,new,,,,,,,"23 Grey Street, Newcastle upon Tyne",YoungsRPS,0191 563 0289,NE1 6EE,"Mixed use freehold opportunity Former café with residential accommodation above Redevelopment/conversion potential STPP Prominent position on High Street Local and Tourist trade Location Rothbury is a popular market town situated in the heart of the Northumberland National Park, approximately 26 miles north of Newcastle upon Tyne. The A697 provides access to the nearby towns of Alnwick and Morpeth and also links with the A1 trunk road approximately 8 miles to the east. Rothbury enjoys a mix of local trade from both the residents of Rothbury, as well as the surrounding villages, but also benefits from tourist trade from those visiting nearby Cragside (National Trust), Coquet Valley and the National Park. Other occupiers in the town include Co-Op, Boots, rspca and a range of other predominantly local traders. Description A substantial mixed-use property arranged over basement, ground, first and second floors, occupying a prominent position within the town centre. Previously operated as a café, the commercial element extends across the ground and first floors, with ancillary basement storage and residential accommodation situated on the second floor. The business has now ceased trading due to retirement, and the property is offered with vacant possession. The property presents an excellent opportunity for a range of purchasers including owner occupiers, investors, developers or those seeking to convert the building back into a substantial residential dwelling, subject to any necessary consents. The flexible layout also lends itself to continued commercial use on the lower floors with residential accommodation retained above, offering potential for a live/work arrangement or mixed-use investment opportunity. Accommodation Basement Ancillary storage accommodation serving the commercial element. Ground Floor Former café seating area with frontage onto the street together with service/preparation areas. First Floor Additional customer seating area, commercial kitchen facilities and w.c. Accommodation. Second Floor Residential accommodation suitable for owner occupation or ancillary accommodation to the commercial premises. Key Features • Prominent town centre position • Mixed-use freehold opportunity • Former café premises arranged over multiple floors • Basement storage accommodation • Residential accommodation to the upper floor • Suitable for owner occupiers, investors or developers • Potential for conversion back to a single residential dwelling (subject to consent) • Potential to continue trading commercially with residential accommodation above • Vacant possession We have measured the property as providing the following internal floor areas: Basement: 30.33 sq m (326 sq ft) Ground Floor: 72.68 sq m (782 sq ft) First Floor: 47.41 sq m (510 sq ft) Second Floor: 43.96 sq m (473 sq ft) Total 194.38 sq m(2092 sq ft) Tenure The property is understood to be held freehold. Price Offers in the region of £295,000. Business Rates Description: Café and Premises Rateable Value: £6,600 Potential Uses The property offers significant flexibility in terms of future use and occupation. Given the scale and configuration of the accommodation, the building may suit a variety of alternative uses subject to the necessary planning consents, including retail, office, studio, wellness, hospitality or other leisure-related uses. Equally, the existing layout provides scope for further enhancement or reconfiguration to maximise the residential and commercial potential of the property, making it an attractive proposition for both investors and owner occupiers seeking a character property within a well-established Northumberland market town. Viewing Strictly by appointment by sole agents YoungsRPS. Contact Stephanie Dixon Tel: Legal Costs Each party is to bear their own legal costs. Local Authority Northumberland County Council, County Hall, Morpeth, NE61 2EF. Tel: Energy performance certificate The property has an Energy Performance Certificate Rating of d-88. A copy of the EPC and Recommendation Report is available on request.",,,,,,NE65 7TE,,north-east,,,2092.0,,,Retail premises for sale,Mixed use freehold opportunity Former café with residential accommodation above Redevelopment/conversion potential STPP Prominent position on High ...,GBP,"[{'__typename': 'PointOfInterest', 'title': 'Rothbury First School', 'type': 'uk_school_primary', 'distanceMiles': 0.2}, {'__typename': 'PointOfInterest', 'title': 'Dr Thomlinson Church of England Middle School', 'type': 'uk_school_secondary', 'distanceMiles': 0.5}]","{'__typename': 'ListingAnalyticsTaxonomy', 'location': 'Rothbury', 'regionName': 'North East England', 'section': 'for-sale', 'areaName': 'Rothbury, Morpeth', 'bedsMax': None, 'bedsMin': None, 'branchId': 83391, 'branchLogoUrl': 'https://st.zoocdn.com/zoopla_static_agent_logo_(759410).png', 'branchName': 'YoungsRPS', 'brandName': 'YoungsRPS', 'chainFree': False, 'companyId': 51084, 'countryCode': 'gb', 'countyAreaName': 'Northumberland', 'currencyCode': 'GBP', 'displayAddress': 'High Street, Rothbury, Morpeth, Northumberland NE65', 'furnishedState': '', 'groupId': None, 'hasEpc': False, 'hasFloorplan': False, 'incode': '7TE', 'isRetirementHome': False, 'isSharedOwnership': False, 'listingCondition': 'pre-owned', 'listingId': 73310018, 'listingsCategory': 'commercial', 'listingStatus': 'for_sale', 'memberType': 'agent', 'numBaths': None, 'numBeds': None, 'numImages': 25, 'numRecepts': None, 'outcode': 'NE65', 'postalArea': 'NE', 'postTownName': 'Morpeth', 'priceActual': 295000, 'price': 295000, 'priceMax': 300000, 'priceMin': 275000, 'priceQualifier': 'offers_in_region_of', 'propertyHighlight': '', 'propertyType': 'retail', 'sizeSqFeet': '2092', 'smartTags': ['attributes.basement'], 'tenure': None, 'zindex': 266628}",sq. ft,141.01,,,,,,,,,,,,,,,,,,,None,High,"The property is a former café with residential accommodation. There is no evidence in the listing suggesting suitability for use as a nursery, such as specific layout features for childcare, nearby community/healthcare links, or mentions of educational potential."
72075420,,"58A Kings Road, North Ormesby, Middlesbrough TS3",,,retail,,195000.0,,,,,,,,,,new,,,,,,,"White Rose House 2nd Floor, Northallerton Business Park, Thurston Road, Northallerton",Align Chartered Surveyors,01609 765006,DL6 2NA,"Description 58a Kings Road North is a former doctor’s surgery, ideal for a variety of alternative commercial or community uses (subject to planning). The layout offers practical spaces including consulting and treatment rooms, waiting areas, and support facilities, making it perfect for healthcare, therapy, wellbeing, office, or community-focused tenants. It’s a great fit for beauty-related businesses and more. Location The property is prominently located on Kings Road North in Ormesby, a well-established residential and mixed-use area of Middlesbrough. The location benefits from good visibility, local footfall, and convenient access to public transport routes and nearby amenities.",,,,,,TS3 6EG,,north-east,,,,freehold,,Retail premises for sale,"For Sale or To Let on Kings Road in North Ormesby, Middlesbrough. £16,000 Per Annum To Let. £195,000 Freehold.",GBP,"[{'__typename': 'PointOfInterest', 'title': ""St Alphonsus' RC Primary School"", 'type': 'uk_school_primary', 'distanceMiles': 0.1}, {'__typename': 'PointOfInterest', 'title': 'North Ormesby Primary Academy', 'type': 'uk_school_primary', 'distanceMiles': 0.1}, {'__typename': 'PointOfInterest', 'title': 'Middlesbrough', 'type': 'national_rail_station', 'distanceMiles': 1.1}, {'__typename': 'PointOfInterest', 'title': 'Transporter Bridge South Side', 'type': 'uk_ferry_port', 'distanceMiles': 1.2}]","{'__typename': 'ListingAnalyticsTaxonomy', 'location': 'TS3 6EG', 'regionName': 'North East England', 'section': 'for-sale', 'areaName': '', 'bedsMax': None, 'bedsMin': None, 'branchId': 145698, 'branchLogoUrl': 'https://st.zoocdn.com/zoopla_static_agent_logo_(773228).png', 'branchName': 'Align Chartered Surveyors', 'brandName': 'Align Chartered Surveyors', 'chainFree': False, 'companyId': 113462, 'countryCode': 'gb', 'countyAreaName': 'North Yorkshire', 'currencyCode': 'GBP', 'displayAddress': '58A Kings Road, North Ormesby, Middlesbrough TS3', 'furnishedState': '', 'groupId': None, 'hasEpc': False, 'hasFloorplan': True, 'incode': '6EG', 'isRetirementHome': False, 'isSharedOwnership': False, 'listingCondition': 'pre-owned', 'listingId': 72075420, 'listingsCategory': 'commercial', 'listingStatus': 'for_sale', 'memberType': 'agent', 'numBaths': None, 'numBeds': None, 'numImages': 9, 'numRecepts': None, 'outcode': 'TS3', 'postalArea': 'TS', 'postTownName': '', 'priceActual': 195000, 'price': 195000, 'priceMax': 200000, 'priceMin': 190000, 'priceQualifier': 'offers_in_region_of', 'propertyHighlight': '', 'propertyType': 'retail', 'sizeSqFeet': '1000_2045', 'smartTags': None, 'tenure': 'freehold', 'zindex': None}",sq. ft,195.0,,,,,,,,,,,,,,,,,,,Nursery,Medium,"The property is a former doctor's surgery, which falls under the 'Medical centres' acquisition opportunity for the Nursery category. The description explicitly mentions suitability for healthcare, community-focused tenants, and various alternative commercial uses. While it doesn't mention childcare specifically, its classification as medical/community use aligns with the criteria for conversion into nursery or educational environments."
73430519,,"Premier Parade, Stockton-On-Tees TS19",,,,,199950.0,,,,,,,,,,new,,,,,,,"144 Linthorpe Road, Middlesbrough",Magnum Properties NE Ltd,01642 966874,TS1 3RA,"A well-located mixed-use commercial and residential freehold investment situated within the established Premier Parade, Fairfield, Stockton-on-Tees. The property is arranged as two clearly defined and self-contained income streams, providing resilience, flexibility, and scope for future rental growth. The building comprises a ground floor sunbed/tanning shop with a separate, self-contained two-bedroom flat above. Functionally and financially, this operates as two separate properties under one freehold title, a structure that consistently appeals to yield-focused investors seeking diversified income with manageable risk. This type of asset performs well in established residential suburbs, where convenience-led commercial units benefit from repeat local trade, while residential accommodation maintains steady demand due to proximity to amenities and transport links. Premier Parade occupies a central position within the Fairfield residential catchment, generating reliable footfall from surrounding housing. The parade benefits from a strong day-to-day convenience offer, including a Budgens/Premier store nearby, reinforcing ongoing commercial demand. Public transport links are immediately accessible, with wider connectivity into Stockton town centre and the Tees Valley road network.",,,,,,TS19 7RD,,north-east,,,1500.0,freehold,,Property for sale," A well-located mixed-use commercial and residential freehold investment situated within the established Premier Parade, Fairfield, ...",GBP,"[{'__typename': 'PointOfInterest', 'title': 'Holy Trinity Rosehill CofE Voluntary Aided Primary School', 'type': 'uk_school_primary', 'distanceMiles': 0.2}, {'__typename': 'PointOfInterest', 'title': 'Fairfield Primary School', 'type': 'uk_school_primary', 'distanceMiles': 0.3}, {'__typename': 'PointOfInterest', 'title': 'Stockton', 'type': 'national_rail_station', 'distanceMiles': 1.8}, {'__typename': 'PointOfInterest', 'title': 'Eaglescliffe', 'type': 'national_rail_station', 'distanceMiles': 2.4}]","{'__typename': 'ListingAnalyticsTaxonomy', 'location': 'Stockton-on-Tees', 'regionName': 'North East England', 'section': 'for-sale', 'areaName': 'Stockton-on-Tees', 'bedsMax': None, 'bedsMin': None, 'branchId': 108195, 'branchLogoUrl': 'https://st.zoocdn.com/zoopla_static_agent_logo_(757524).png', 'branchName': 'Magnum Properties NE Ltd', 'brandName': 'Magnum Properties NE', 'chainFree': False, 'companyId': 84642, 'countryCode': 'gb', 'countyAreaName': 'County Durham', 'currencyCode': 'GBP', 'displayAddress': 'Premier Parade, Stockton-On-Tees TS19', 'furnishedState': '', 'groupId': None, 'hasEpc': False, 'hasFloorplan': False, 'incode': '7RD', 'isRetirementHome': False, 'isSharedOwnership': False, 'listingCondition': 'pre-owned', 'listingId': 73430519, 'listingsCategory': 'commercial', 'listingStatus': 'for_sale', 'memberType': 'agent', 'numBaths': None, 'numBeds': None, 'numImages': 10, 'numRecepts': None, 'outcode': 'TS19', 'postalArea': 'TS', 'postTownName': 'Stockton-on-Tees', 'priceActual': 199950, 'price': 199950, 'priceMax': 200000, 'priceMin': 190000, 'priceQualifier': '', 'propertyHighlight': '', 'propertyType': '', 'sizeSqFeet': '1500', 'smartTags': None, 'tenure': 'freehold', 'zindex': 67354}",sq. ft,133.3,,,,,,,,,,,,,,,,,,,None,High,"The property is currently a mixed-use building featuring a sunbed/tanning shop and a residential flat. There is no mention of suitability for nursery, special educational needs (SEN) school, or conversion into a food store in the listing."
70917694,,"Honeyz, 106 Church Street YO22",,,retail,,485000.0,,,,,,,,,,new,,,,,,,"28 Skinner Street, Whitby",Hope & Braim Estate Agents,01947 485419,YO21 3AJ,"Hope & Braim are delighted to present Honeyz at 106 Church Street in Whitby to the market. This is a rare opportunity to acquire Freehold Premises on Whitby's Prime Trading Street in the heart of the Old Town. The property is a mixed-use unit comprising a retail shop with workshop on the lower two floors and a self-contained holiday apartment on the upper two floors. The retail space is approximately 220 sq ft with double window frontage onto the busiest street for footfall in the town. Internal stairs lead down to the lower ground floor that has been converted into a workshop space and additional storage, plus there is a WC on this level. Honeyz Bath Products is a highly successful business that manufactures and sells luxury bath products from these premises since 2008 and could be included in a sale, subject to negotiation. Alternatively, the premises could be used for a new retail business. Upstairs there is a beautifully presented holiday apartment “Honeyz Hideaway” that has its own private entrance to the side of the building. On the first floor there is an open plan living space with a modern kitchen that has integrated appliances and a breakfast bar. There is a bathroom tucked under the stairs and two bedrooms on the top floor that have character with exposed beams and dormer windows. The property has been well-maintained and benefits from having gas central heating throughout.",,,,,,YO22 4DE,,north-east,,,220.0,freehold,,Retail premises for sale,Hope & Braim are delighted to present Honeyz at 106 Church Street in Whitby to the market. This is a rare opportunity to acquire Freehold Premises ...,GBP,"[{'__typename': 'PointOfInterest', 'title': 'Whitby', 'type': 'national_rail_station', 'distanceMiles': 0.3}, {'__typename': 'PointOfInterest', 'title': 'West Cliff Primary School', 'type': 'uk_school_primary', 'distanceMiles': 0.4}, {'__typename': 'PointOfInterest', 'title': 'Airy Hill Primary School', 'type': 'uk_school_primary', 'distanceMiles': 0.6}, {'__typename': 'PointOfInterest', 'title': 'Ruswarp', 'type': 'national_rail_station', 'distanceMiles': 1.4}]","{'__typename': 'ListingAnalyticsTaxonomy', 'location': 'Whitby', 'regionName': 'North East England', 'section': 'for-sale', 'areaName': 'Whitby', 'bedsMax': None, 'bedsMin': None, 'branchId': 121937, 'branchLogoUrl': 'https://st.zoocdn.com/zoopla_static_agent_logo_(712080).png', 'branchName': 'Hope & Braim Estate Agents', 'brandName': 'Hope & Braim', 'chainFree': False, 'companyId': 91652, 'countryCode': 'gb', 'countyAreaName': 'North Yorkshire', 'currencyCode': 'GBP', 'displayAddress': 'Honeyz, 106 Church Street YO22', 'furnishedState': '', 'groupId': None, 'hasEpc': False, 'hasFloorplan': True, 'incode': '4DE', 'isRetirementHome': False, 'isSharedOwnership': False, 'listingCondition': 'pre-owned', 'listingId': 70917694, 'listingsCategory': 'commercial', 'listingStatus': 'for_sale', 'memberType': 'agent', 'numBaths': 1, 'numBeds': None, 'numImages': 29, 'numRecepts': 1, 'outcode': 'YO22', 'postalArea': 'YO', 'postTownName': 'Whitby', 'priceActual': 485000, 'price': 485000, 'priceMax': 500000, 'priceMin': 475000, 'priceQualifier': 'guide_price', 'propertyHighlight': '', 'propertyType': 'retail', 'sizeSqFeet': '220', 'smartTags': ['attributes.bath'], 'tenure': 'freehold', 'zindex': 256863}",sq. ft,2204.55,,,,,,,,,,,,,,,,,,,None,High,"The property is a mixed-use retail unit with a workshop and an upper-floor residential holiday apartment. There is no evidence in the listing suggesting suitability for conversion into a Nursery, SEN School, or Food Store."
143478371.0,"Freehold Pubs, Late 16th Century Suffolk freehouse, Detached period property overlooking the village church, Self-contained two bedroom accommodation, Large car park and trade garden, Popular village with primary and secondary school","E-218248 - White Hart, Church Street, Stradbroke nr Eye IP21 5HT",52.31837,1.274017,,FREEHOLD,349995.0,not specified,GBP,2024-01-08T16:48:19Z,2026-03-05T16:16:56Z,2026-05-12T16:28:26Z,price_reduced,True,False,9.0,new,,IP,,,,"{'displayAddress': 'E-218248 - White Hart, Church Street, Stradbroke nr Eye IP21 5HT', 'countryCode': 'GB', 'deliveryPointId': None, 'ukCountry': 'England', 'outcode': 'IP21', 'incode': '5HT'}","20-22
Bedford Row
London
WC1R 4EB",Fleurets Limited,01223 972805,WC1R 4EB,"This wonderful character Grade II Listed property dates from the late 16th century and is reported to have been a public house for over 200 years. The property has been extended over time to provide additional trade space. Two bedroom private accommodation is on the first floor, with some parts overlooking the village church.

Key Features:
Late 16th Century Suffolk freehouse
Detached period property overlooking the village church
Self-contained two bedroom accommodation
Large car park and trade garden
Popular village with primary and secondary school
EPC: C
Fleurets Ref: E-218248
Call to be sent the full brochure
+ SAV","[{'title': 161, 'type': 162, 'primaryText': 163, 'secondaryText': 164, 'tooltipText': 20}, {'title': 166, 'type': 166, 'primaryText': 17, 'secondaryText': 20, 'tooltipText': 20}]","['Late 16th Century Suffolk freehouse', 'Detached period property overlooking the village church', 'Self-contained two bedroom accommodation', 'Large car park and trade garden', 'Popular village with primary and secondary school', 'EPC: C', 'Fleurets Ref: E-218248', 'Call to be sent the full brochure', '+ SAV']",{'listingUpdateReason': 20},"[{'name': 126, 'types': 127, 'distance': 129, 'unit': 130}]","Pub for sale in E-218248 - White Hart, Church Street, Stradbroke nr Eye IP21 5HT, IP21",IP21 5HT,"£349,995.00",East Of England,"Pub for sale in E-218248 - White Hart, Church Street, Stradbroke nr Eye IP21 5HT, IP21 for £349,995. Marketed by Fleurets Limited, East",0.0786271808999082,,FREEHOLD,"{'tenureType': 'FREEHOLD', 'yearsRemainingOnLease': None, 'message': None}",,,,,,,,,,,,,,,,,,,,,,,,,,None,High,"The property is a Grade II Listed 16th-century freehouse (pub). The listing contains no evidence or keywords suggesting conversion suitability for a Nursery, SEN School, or Food Store."
73361618,,"Earlsway Trade Park, Earlsway, Team Valley, Gateshead NE11",,,business_park,,5000000.0,,,,,,,,,,new,,,,,,,"Bradley Hall, 33-39 Grey Street, Newcastle Upon Tyne",Bradley Hall,0191 686 9796,NE1 6EE,"Bradley Hall is delighted to present Earlsway Trade Park, a prime multi-let industrial and trade park investment situated in the heart of Team Valley, the North East’s premier commercial location. Positioned prominently on Earlsway, the scheme benefits from exceptional connectivity, located directly adjacent to the A1 Western Bypass via two dedicated junctions, approximately one mile south of Gateshead town centre and three miles south of Newcastle city centre. Team Valley is widely regarded as one of the region’s most established and sought-after industrial estates, home to over 740 businesses employing in excess of 24,000 people. The property comprises a modern multi-let trade park extending to approximately 43,634 sq ft, arranged across 15 industrial and trade counter units within three separate parades. The rear terrace, constructed circa 2000, provides five units totalling approximately 21,632 sq ft, while the two front parades, developed in 2016, comprise a further nine modern units extending to approximately 22,002 sq ft. The units are of steel portal frame construction with attractive brick and profiled steel-clad elevations, benefitting from dedicated loading and parking areas. The front parades also incorporate roof-mounted solar panels, providing power generation benefits to occupiers. Earlsway Trade Park is fully occupied by a diverse mix of regional and national occupiers, providing a strong and resilient income profile. The investment currently produces a passing rent of £363,017 per annum, with opportunities for future rental growth supported by a strong occupational market and limited supply of modern industrial stock across the region. The property occupies a site area of approximately 2.70 acres (1.096 hectares) and is held part freehold and part long leasehold, with the leasehold element held on a 150-year lease from December 2018 at a peppercorn rent. Team Valley continues to experience strong occupier demand, underpinned by excellent transport infrastructure, proximity to major population centres and continued rental growth across the industrial sector. Nearby occupiers include Royal Mail, Booker, dpd, De La Rue and Express Engineering, alongside extensive retail and leisure amenities at Team Valley Retail World. Investment Summary - Prime multi-let trade park investment - Located within Team Valley, the North East’s premier industrial location - Excellent road connectivity via the A1 Western Bypass - Modern accommodation extending to 43,634 sq ft - Fully income-producing asset with passing rent of £363,017 per annum - Strong reversionary potential and asset management opportunities - Site area of approximately 2.70 acres - Offers sought in excess of £5,000,000 For further information or to arrange a viewing, please contact Bradley Hall’s commercial agency team.",,,,,,NE11 0RQ,,north-east,,,43634.0,,,Business park for sale,"Bradley Hall is delighted to present Earlsway Trade Park, a prime multi-let industrial and trade park investment situated in the heart of Team ...",GBP,"[{'__typename': 'PointOfInterest', 'title': 'Kelvin Grove Community Primary School', 'type': 'uk_school_primary', 'distanceMiles': 0.5}, {'__typename': 'PointOfInterest', 'title': 'Eslington Primary School (SEN)', 'type': 'uk_school_primary', 'distanceMiles': 0.5}, {'__typename': 'PointOfInterest', 'title': 'Dunston', 'type': 'national_rail_station', 'distanceMiles': 0.9}, {'__typename': 'PointOfInterest', 'title': 'Newcastle', 'type': 'national_rail_station', 'distanceMiles': 1.7}]","{'__typename': 'ListingAnalyticsTaxonomy', 'location': 'Team Valley Trading Estate', 'regionName': 'North East England', 'section': 'for-sale', 'areaName': 'Team Valley Trading Estate, Gateshead', 'bedsMax': None, 'bedsMin': None, 'branchId': 63526, 'branchLogoUrl': 'https://st.zoocdn.com/zoopla_static_agent_logo_(772927).png', 'branchName': 'Bradley Hall', 'brandName': 'Bradley Hall', 'chainFree': False, 'companyId': 29162, 'countryCode': 'gb', 'countyAreaName': 'Tyne & Wear', 'currencyCode': 'GBP', 'displayAddress': 'Earlsway Trade Park, Earlsway, Team Valley, Gateshead NE11', 'furnishedState': '', 'groupId': None, 'hasEpc': True, 'hasFloorplan': False, 'incode': '0RQ', 'isRetirementHome': False, 'isSharedOwnership': False, 'listingCondition': 'pre-owned', 'listingId': 73361618, 'listingsCategory': 'commercial', 'listingStatus': 'for_sale', 'memberType': 'agent', 'numBaths': None, 'numBeds': None, 'numImages': 8, 'numRecepts': None, 'outcode': 'NE11', 'postalArea': 'NE', 'postTownName': 'Gateshead', 'priceActual': 5000000, 'price': 5000000, 'priceMax': 5000000, 'priceMin': 5000000, 'priceQualifier': 'guide_price', 'propertyHighlight': '', 'propertyType': 'business_park', 'sizeSqFeet': '43634', 'smartTags': ['style.modern'], 'tenure': None, 'zindex': None}",sq. ft,114.59,,,,,,,,,,,,,,,,,,,None,High,"The property is a multi-let industrial and trade park consisting of steel portal frame units. There is no evidence in the listing suggesting suitability for conversion into a Nursery, SEN School, or Food Store."
69044895,,"Windward Way, Middlesbrough TS2",,,industrial,,2100000.0,,,,,,,,,,new,,,,,,,"The Qube, Windward Way, Middlesbrough",Parker Barras,01642 966828,TS2 1QG,"Business for sale: Long established accredited fire door manufacturer and joinery service Fully Staff operated zero advertising or marketing, creating massive scope to increase sales. Turnover in the region of 1-2 Million Operates from Freehold Property The company has zero debts. For further information please contact Parker Barras.",,,,,,TS2 1QG,,north-east,,,1.0,,,Industrial for sale,"Business for sale: Long established accredited fire door manufacturer and joinery service Fully Staff operated zero advertising or marketing, ...",GBP,"[{'__typename': 'PointOfInterest', 'title': 'Middlesbrough', 'type': 'national_rail_station', 'distanceMiles': 0.3}, {'__typename': 'PointOfInterest', 'title': 'Transporter Bridge South Side', 'type': 'uk_ferry_port', 'distanceMiles': 0.4}, {'__typename': 'PointOfInterest', 'title': 'Abingdon Primary School', 'type': 'uk_school_primary', 'distanceMiles': 0.5}, {'__typename': 'PointOfInterest', 'title': 'Breckon Hill Primary School', 'type': 'uk_school_primary', 'distanceMiles': 0.7}]","{'__typename': 'ListingAnalyticsTaxonomy', 'location': 'Middlesbrough', 'regionName': 'North East England', 'section': 'for-sale', 'areaName': 'Middlesbrough', 'bedsMax': None, 'bedsMin': None, 'branchId': 128891, 'branchLogoUrl': 'https://st.zoocdn.com/zoopla_static_agent_logo_(725593).png', 'branchName': 'Parker Barras', 'brandName': 'Parker Barras Bar Four Limited', 'chainFree': False, 'companyId': 101767, 'countryCode': 'gb', 'countyAreaName': 'North Yorkshire', 'currencyCode': 'GBP', 'displayAddress': 'Windward Way, Middlesbrough TS2', 'furnishedState': '', 'groupId': None, 'hasEpc': False, 'hasFloorplan': False, 'incode': '1QG', 'isRetirementHome': False, 'isSharedOwnership': False, 'listingCondition': 'pre-owned', 'listingId': 69044895, 'listingsCategory': 'commercial', 'listingStatus': 'for_sale', 'memberType': 'agent', 'numBaths': None, 'numBeds': None, 'numImages': 1, 'numRecepts': None, 'outcode': 'TS2', 'postalArea': 'TS', 'postTownName': 'Middlesbrough', 'priceActual': 2100000, 'price': 2100000, 'priceMax': 2100000, 'priceMin': 2100000, 'priceQualifier': '', 'propertyHighlight': '', 'propertyType': 'industrial', 'sizeSqFeet': '1', 'smartTags': None, 'tenure': None, 'zindex': 107998}",sq. ft,2100000.0,,,,,,,,,,,,,,,,,,,None,High,"The property is currently used as an industrial fire door manufacturing and joinery business. There is no evidence in the listing suggesting suitability for conversion into a Nursery, SEN School, or Food Store."
758742929390929.0,WELL LET FREEHOLD INVESTMENT WITH DEVELOPMENT POTENTIAL (STPC) CLOSE TO HOVE STATION,"90 Goldstone Villas, Hove, BN3 3RU",50.834349,-0.171474,OTHER,FREEHOLD,199950.0,not specified,GBP,2026-06-19T12:08:03Z,2026-06-06T14:14:07Z,2026-06-21T08:19:22Z,new,True,False,3.0,new,,BN,,,,"{'displayAddress': '90 Goldstone Villas, Hove, BN3 3RU', 'postcode': 'BN3 3RU', 'latitude': 50.834349, 'longitude': -0.171474}",,"Eightfold Commercial Limited, Commercial ",01273 110505,,"The property comprises the freehold interest of this attractive building, 3 flats above & a retail shop on Goldstone Villas that have been sold off by way of long leasehold interests, whilst our client has retained the freehold interest & a long leasehold interest of the garage workshop in Ethel Street which they hold for a term of 999 years from 2015. Under our clients long leasehold interest they have let the workshop for a term expiring 24 March 2031 at a rent of £14,175 per annum exclusive with a rent review 25 March 2028 & no break clauses & hold a 3 month rent deposit. There is airspace above the workshop it is thought that subject to planning consent there could be opportunity to redevelop the site or build above as per other properties in the parade. The other long lease details are as follows: GF Shop Front -£200pa-99 years from 25 March 1988, Flat 1 No GR- New 999 year lease to be created, Flat 2 -No GR- 189 years from 25 March 1992, Flat 3- No GR-125 years from 15 December 2022, Rear Garage-No GR 999 years from 18 December 2015. The property is located in Goldstone Villas & Ethel Street, Hove, adjacent to Hove Railway Station where the ground floor shop & access to the flats above are accessed from the front whilst the workshop building to the rear is accessed via Ethel Street opposite the recent Hove Gardens development which comprises a mix of residential & commercial spaces to rent. To the south of the property are both George Street & Church Road, Hove's Prime retail locations where a number of multiple operators are situated. Nearby occupiers to the property include Tesco Express, Go Botanica, Small Batch Coffee & Snap Fitness. We are instructed to invite offers in excess of £199,950 for the benefit of the freehold interest of the whole building with the benefit of the long leasehold interest of the lower ground floor workshop/ garage premises as described above . With an income of £14,175 per annum & £200 per annum ( total £14,375 PA) ground rent from the ground floor shop a purchase at the suggested level would show a net yield of 7.03% & a gross yield of 7.19%. Viewings to be arranged strictly through vendors agent.

Key Features:
FREEHOLD PRICE £199,950
DEVELOPMENT POTENTIAL (STPC)
GREAT LOCATION
ESTABLISHED BUSINESS IN OCCUPATION",[],"['FREEHOLD PRICE £199,950', 'DEVELOPMENT POTENTIAL (STPC)', 'GREAT LOCATION', 'ESTABLISHED BUSINESS IN OCCUPATION']",[],"[{'distance': 0.06656591516265543, 'name': 'Hove Station', 'types': ['NATIONAL_TRAIN'], 'unit': 'miles'}, {'distance': 0.4714176822433863, 'name': 'Aldrington Station', 'types': ['NATIONAL_TRAIN'], 'unit': 'miles'}, {'distance': 1.0375849108133808, 'name': 'Preston Park Station', 'types': ['NATIONAL_TRAIN'], 'unit': 'miles'}]","90 Goldstone Villas, Hove, BN3 3RU",BN3 3RU,"£199,950.00",,WELL LET FREEHOLD INVESTMENT WITH DEVELOPMENT POTENTIAL (STPC) CLOSE TO HOVE STATION,,1236.0,FREEHOLD,{'tenureType': 'FREEHOLD'},,,,,,,,,,,,,,,,,,,,,,,,,,None,High,"The property is described as a mix of retail, residential (3 flats), and a garage workshop. There is no evidence in the listing to support its suitability for a Nursery, SEN School, or Food Store."
758775441528961.0,Fantastic opportunity for Medical or Healthcare Professionals looking for their new premises. 1 Oaktree Business Park is positioned in a bubbling location hotspot on a highly sough-after estate. The premises offers multiple spaces and versatility appealing to a variety of businesses.,"1 Oaktree Business Park, Philip Ford Way, Wymondham, NR8 9AQ",52.5638,1.117917,HEALTHCARE_FACILITY,,2350.0,monthly,GBP,2026-06-19T16:33:05Z,2026-06-19T16:38:19Z,2026-06-19T16:38:19Z,new,True,False,16.0,new,,east-of,,,,"{'displayAddress': '1 Oaktree Business Park, Philip Ford Way, Wymondham, NR8 9AQ', 'postcode': 'NR18 9AQ', 'latitude': 52.5638, 'longitude': 1.117917}",,"Oaktree Partnership, Wymondham",01952 984170,,"Location Wymondham is an extremely popular and business hotspot market town situated just 9 miles south west of Norwich city centre. Oaktree Business Park is only a 5 minute drive from the A11, a short 2 minute walk from Wymondham train station, and on all major bus routes providing excellent transport links. Unit 1 is offered in a prime location on with double frontage directly off the Silfield Road. Oaktree Business Park is a highly sought-after commercial estate in the heart of Wymondham Sitting adjacent to the Co-Op. The property is perfectly located for healthcare and medical service providers looking for premises in this high-demand area, with current tenants including Hustle Gym, Leeders Animal Supplies,  and Dirty Dogs Grooming Parlour. Specification 1 Oaktree Business Park is a blank canvas property, offering those in the healthcare and medical industries versatile premises as their next or additional space. The unit measures approximately 1,406ft²(130.62ft²). An entrance hall welcomes you in to a versatile and open- plan reception/waiting room with ample space for comfortable seating and reception area. 3 treatment/consultation rooms lead directly off the reception room, all with heating and natural light. A corridor leads you through to the WC's and kitchen and also provides access to a the large, open plan rehabilitation/clinical treatment room which also has it's own separate entrance at the front of the property. This adaptable space would make an excellent rehabilitation gym area, clinical or treatment room or additional/separate waiting area. Unit 1 benefits from its own private designated car park to fit a minimum of 8 vehicles complete with EV charger. New LED lights have been installed throughout with ongoing complete redecoration and refurbishments currently being undertaken to be completed ready for 1st August 2026. Mains electricity, water, gas, drainage and broadband line are connected to the unit. A current EICR Electrical Test Certificate and Gas Test Certificate will be supplied on occupation. Terms Flexi-let Tenancy Agreement on a term to be agreed with three yearly rent reviews and a 6-month get out clause. The Landlord is responsible for all external repairs and maintenance, with the tenant being responsible for all internal repairs and maintenance (unless otherwise stated) Rates The current business rateable value is estimated at £12,000 per annum (tenant to confirm), payable to South Norfolk and Broadland District Council. Small business rate relief may be applicable, however it is the tenants responsibility to confirm and verify with the Council.

Key Features:
Rare Opportunity for Healthcare and Medical Professionals
Versatile Space offering Multiple Treatment Rooms with ample Reception Area
Prime Location with Double Frontage
Private Designated Car Park with EV Charger
Excellent Transport links via road, rail, bus or walking distance to town centre
Internal ONLY repairing and insuring lease (subject to a service charge)
Deal directly with the Landlord - NO external agents
Flexible terms with rolling six-month break option",[],"['Rare Opportunity for Healthcare and Medical Professionals', 'Versatile Space offering Multiple Treatment Rooms with ample Reception Area', 'Prime Location with Double Frontage', 'Private Designated Car Park with EV Charger', 'Excellent Transport links via road, rail, bus or walking distance to town centre', 'Internal ONLY repairing and insuring lease (subject to a service charge)', 'Deal directly with the Landlord - NO external agents', 'Flexible terms with rolling six-month break option']",[],"[{'distance': 0.07278549269512269, 'name': 'Wymondham Station', 'types': ['NATIONAL_TRAIN'], 'unit': 'miles'}, {'distance': 2.397106811718078, 'name': 'Spooner Row Station', 'types': ['NATIONAL_TRAIN'], 'unit': 'miles'}, {'distance': 5.329397153485756, 'name': 'Attleborough Station', 'types': ['NATIONAL_TRAIN'], 'unit': 'miles'}]","1 Oaktree Business Park, Philip Ford Way, Wymondham, NR8 9AQ",NR18 9AQ,"£2,350.00",,Fantastic opportunity for Medical or Healthcare Professionals looking for their new premises. 1 Oaktree Business Park is positioned in a bubbling location hotspot on a highly sough-after estate. The premises offers multiple spaces and versatility appealing to a variety of businesses.,,1406.0,,{'tenureType': ''},,,,,,,,,,,,,,,,,,,,,,,,,,None,High,"The property is explicitly described as a healthcare and medical facility with treatment rooms and a rehabilitation area. It does not fit the specific categories of Nursery, SEN School, or Food Store."
HK-F002,"Specialist Education Facility - SEN School (Freehold) - Dudley, West Midlands","The Old Grammar School Site, Dudley, DY1 3HE",,,OTHER,,2150000.0,,,,,,,,,,,,,,,,,,,,,"A substantial freehold site comprising the former grammar school buildings, currently let to and operated by an independent special educational needs provider catering for pupils aged 7 to 18 with a range of complex needs. The site benefits from F1 (formerly D1) planning consent for non-residential institutions and includes a main teaching block, a dedicated sensory and therapy suite, dining hall, and extensive outdoor grounds including a sports field. The vendor is selling as part of a wider operator consolidation strategy; the existing lease has approximately 11 years unexpired. Local authority placements account for the majority of pupil referrals.",,"['D1 (now Use Class F1) consent', 'Currently operating as independent SEN school', 'Capacity for 80 pupils aged 7-18', 'Sensory room and therapy suite', 'Outdoor sports facilities', 'Sale due to operator consolidation']",,,,,,,,,,FREEHOLD,,,,,,,,,,,,,,,,,,,,,,,,,,,SEN School,High,"The property is currently operating as an independent SEN school and a specialist education facility. It matches the acquisition criteria for schools, features dedicated educational facilities (teaching block), large capacity for pupils, and includes specific support infrastructure like a sensory room and therapy suite."
HK-F004,"Mixed-Use Investment, High Street, Pontefract - Multiple Income Streams","52-54 Market Place, Pontefract, WF8 1AE",,,retail,,690000.0,,,,,,,,,,,,,,,,,,,,,"Freehold mixed-use investment comprising two ground floor retail units, currently let to a vape and e-cigarette retailer and an independent hairdressing salon, together with four self-contained residential flats above accessed via a separate entrance. Total passing rent of £61,400 per annum. The retail units are held on A1/A2 consent with no existing or applied-for consent for childcare, education, or food retail use. Agents note the property may suit a variety of investor profiles given the blended residential and commercial income.",,"['Two ground floor retail units', 'Upper floors let as 4 residential flats', 'Combined rental income £61,400 p.a.', 'Currently let to a vape retailer and a hairdresser', 'No current consent for childcare or education use']",,,,,,,,,,FREEHOLD,,,,,,,,,,,,,,,,,,,,,,,,,,,Food Store,High,"The property currently consists of two ground floor retail units. This aligns with the 'Existing retail units' and 'Shopping parades' acquisition opportunities for the Food Store category. The listing specifically notes current use by a vape retailer and hairdressing salon, confirming its status as a commercial retail site."
67195138,,"Motor Miscellaneous HG3, Killinghall, North Yorkshire",,,parking,,595000.0,,,,,,,,,,new,,,,,,,"The Business Centre, Deanhurst Park, Gelderd Road, Gildersome, Leeds",Ernest Wilson,0113 482 9940,LS27 7LG,"Freehold car showroom and three bedroom residence in Harrogate for Sale. A well-known and highly prominent site on the main A61 in the Killinghall area of Harrogate. Tens of thousands of vehicles pass each day as this is a main arterial route leading into Harrogate town centre, just one mile away. This is a very rare opportunity to acquire a substantial piece of freehold property which incorporates a car showroom premises, forecourt accommodating 25 cars, and a substantial three-storey, three bedroom home. The property would be ideal for any variety of other uses (subject to planning) including cafe or restaurant, veterinary or other medical / dental practice, legal offices, funeral home, or other retail outlet / showroom. We expect the property to also be of interest to developers and commercial property investors. The commercial portion of the property extends to circa 1,350 sq ft to include the showroom, repair garage with hydraulic lift, office and forecourt. The attached residence occupies:- Lower Ground Floor: Basement with garage doors and space for three cars, plus two storage rooms. Ground Floor: Two reception rooms, a bar lounge area and fully fitted kitchen with separate dining area. First Floor: Feature spiral staircase from kitchen leads to first floor landing with fitted wardrobes, master bedroom and master bathroom suite. Traditional stairs leading from reception hall to bedrooms two and three and house bathroom with shower cubicle, sink and toilet. The total site area including showroom, forecourt and residence extends to approximately 4,466 sq ft (415 sq m). EPC Band D.",,,,,,HG3 2AT,,north-east,,,,freehold,,Parking for sale,Freehold car showroom and three bedroom residence One mile from Harrogate town centre Suitable for multitude of uses Commercial investment or ...,GBP,"[{'__typename': 'PointOfInterest', 'title': 'Killinghall Church of England Primary School', 'type': 'uk_school_primary', 'distanceMiles': 0.5}, {'__typename': 'PointOfInterest', 'title': 'Saltergate Community Junior School', 'type': 'uk_school_primary', 'distanceMiles': 0.8}, {'__typename': 'PointOfInterest', 'title': 'Harrogate', 'type': 'national_rail_station', 'distanceMiles': 1.8}, {'__typename': 'PointOfInterest', 'title': 'Starbeck', 'type': 'national_rail_station', 'distanceMiles': 2.7}]","{'__typename': 'ListingAnalyticsTaxonomy', 'location': 'Killinghall', 'regionName': 'North East England', 'section': 'for-sale', 'areaName': 'Killinghall, Harrogate', 'bedsMax': 3, 'bedsMin': 3, 'branchId': 86443, 'branchLogoUrl': 'https://st.zoocdn.com/zoopla_static_agent_logo_(465847).png', 'branchName': 'Ernest Wilson', 'brandName': 'Ernest Wilson', 'chainFree': False, 'companyId': 55134, 'countryCode': 'gb', 'countyAreaName': 'North Yorkshire', 'currencyCode': 'GBP', 'displayAddress': 'Motor Miscellaneous HG3, Killinghall, North Yorkshire', 'furnishedState': '', 'groupId': None, 'hasEpc': False, 'hasFloorplan': False, 'incode': '2AT', 'isRetirementHome': False, 'isSharedOwnership': False, 'listingCondition': 'pre-owned', 'listingId': 67195138, 'listingsCategory': 'commercial', 'listingStatus': 'for_sale', 'memberType': 'agent', 'numBaths': None, 'numBeds': 3, 'numImages': 20, 'numRecepts': None, 'outcode': 'HG3', 'postalArea': 'HG', 'postTownName': 'Harrogate', 'priceActual': 595000, 'price': 595000, 'priceMax': 600000, 'priceMin': 550000, 'priceQualifier': '', 'propertyHighlight': '', 'propertyType': 'parking', 'sizeSqFeet': '', 'smartTags': ['attributes.basement'], 'tenure': 'freehold', 'zindex': None}",,0.0,,,,,,,,,,,,,,,,,,,Food Store,High,"The property is currently a car showroom, which matches the 'Car showrooms' acquisition opportunity for the Food Store category. The listing highlights its prominent roadside location on the A61 and explicitly mentions suitability for conversion into a cafe or restaurant, as well as other retail outlets."
758763053880849.0,We are pleased to bring to the market this freehold children's day nursery located in Thornton Cleveleys.,Children's Day Nursery - Thornton Cleveleys [FY5 2BD],53.878905,-3.038722,CHILDCARE_FACILITY,FREEHOLD,899950.0,not specified,GBP,2026-06-19T14:48:28Z,2026-06-19T14:54:07Z,2026-06-20T08:12:33Z,new,True,False,8.0,new,,FY,,,,"{'displayAddress': ""Children's Day Nursery - Thornton Cleveleys [FY5 2BD]"", 'postcode': 'FY5 2BD', 'latitude': 53.878905, 'longitude': -3.038722}",,"Blacks Business Brokers Limited, Bury",0161 524 5830,,"- About This is an established children’s day nursery registered to accommodate up to 75 children aged from birth to 5 years. The nursery operates throughout the year and provides funded childcare places, serving local families with high-quality early years education and childcare services. The business benefits from a Good Ofsted rating and has developed a strong reputation within the local community. The current owner has operated the nursery since 2019 and is now offering the business for sale due to retirement. - Business Details The nursery is registered for 75 children and currently operates at approximately 50% occupancy, presenting a significant opportunity for a new owner to increase utilisation and grow revenues. The setting caters for children aged 0 to 5 years and operates all year round. The business holds a Good Ofsted inspection rating and offers funded childcare places. Staffing is well established with a team of 15 full-time employees, including an experienced manager and deputy manager who assist with the day-to-day operation of the nursery. - Summary This represents an excellent opportunity to acquire an established and well-regarded children’s day nursery in a desirable Thornton Cleveleys location. Benefiting from a Good Ofsted rating, experienced staffing structure, funded childcare provision and substantial capacity for growth, the business is ideally suited to an owner-operator or existing childcare provider seeking expansion. The retirement sale presents a genuine opportunity to acquire a nursery with a strong foundation and significant future potential.

Key Features:
Prime Cleveleys Trading Location
Accounts Available To 30th November 2024
Annual Turnover £347,273 / Gross Profit £61,962
Registered For 75 Children
Good Ofsted Rated Nursery
Significant Growth Potential
Experienced Management Team
Open Year Round With Funding",[],"['Prime Cleveleys Trading Location', 'Accounts Available To 30th November 2024', 'Annual Turnover £347,273 / Gross Profit £61,962', 'Registered For 75 Children', 'Good Ofsted Rated Nursery', 'Significant Growth Potential', 'Experienced Management Team', 'Open Year Round With Funding']",[],"[{'distance': 2.88356429180862, 'name': 'Poulton-le-Fylde Station', 'types': ['NATIONAL_TRAIN'], 'unit': 'miles'}, {'distance': 3.0549551542769073, 'name': 'Layton Station', 'types': ['NATIONAL_TRAIN'], 'unit': 'miles'}, {'distance': 3.9793203599576383, 'name': 'Blackpool North Station', 'types': ['NATIONAL_TRAIN'], 'unit': 'miles'}]",Children's Day Nursery - Thornton Cleveleys [FY5 2BD],FY5 2BD,"£899,950.00",,We are pleased to bring to the market this freehold children's day nursery located in Thornton Cleveleys.,,,FREEHOLD,{'tenureType': 'FREEHOLD'},,,,,,,,,,,,,,,,,,,,,,,,,,Nursery,High,"The property is currently an established children's day nursery and its description explicitly mentions it is a 'childcare facility.' It meets the criteria for the Nursery category as it already functions as such, has been registered for 75 children, holds a Good Ofsted rating, and serves the community with early years education."
88930830.0,FOR SALE - Vacant FREEHOLD Nursery Building close to Feltham Station.,"Blair Atholl House, Ashfield Avenue, Feltham, TW13 5BB",51.445752,-0.404222,,FREEHOLD,1500000.0,not specified,GBP,2026-05-26T14:12:06Z,2026-05-26T14:17:11Z,2026-06-21T07:39:59Z,new,True,False,8.0,new,,TW,,,,"{'displayAddress': 'Blair Atholl House, Ashfield Avenue, Feltham, TW13 5BB', 'countryCode': 'GB', 'deliveryPointId': None, 'ukCountry': 'England', 'outcode': 'TW13', 'incode': '5BB'}","4th Floor, 
3 Mandeville Place,
London,
W1U 3AP",MERIDIAN COMMERCIAL PROPERTY PARTNERS LTD,020 4634 5383,W1U 3AP,"Description Blair Athol, situated on Ashfield Avenue in Feltham, presents a rare opportunity to acquire a substantial freehold property with significant future potential in a well-connected West London location. Extending to approximately 4,146 sq ft, the property is currently configured and operated as a Nursery (Use Class E) and will be offered with full vacant possession, providing immediate flexibility for an incoming purchaser. The existing accommodation is well-proportioned and highly adaptable, making it suitable for a range of uses within Use Class E, including educational, medical, office or leisure purposes, while also offering strong potential for residential conversion or redevelopment, subject to the necessary planning consents. A particularly notable feature of the property is its exceptionally large rear garden, which presents a compelling opportunity for further development. There is clear scope to create additional residential units at the rear of the site, subject to planning permission, with the added benefit of a road running adjacent to the back fence of the garden. This secondary access could prove invaluable for construction purposes and may also support the creation of independent access for any future dwellings, further enhancing development viability. To the front, the property benefits from two off-street parking spaces, adding to its practicality and appeal for both occupiers and visitors. Overall, Blair Athol offers a highly attractive proposition for a range of buyers. It would suit an owner-occupier seeking a sizeable and flexible freehold premises in a strong Greater London location, as well as residential developers looking to unlock value through conversion, extension or backland development. Investors will also recognise the opportunity to add value through asset management and planning uplift. The combination of vacant possession, generous internal floor area and a large plot with development potential provides multiple exit strategies, making this a compelling and versatile investment opportunity. Location Blair Athol is located on Ashfield Avenue in Feltham, within the London Borough of Hounslow, forming part of a well-established West London residential area that continues to attract value-driven investors seeking strong rental demand and long-term growth potential. Positioned within an urban conurbation and close to key infrastructure, the area benefits from a consistent occupier base supported by local employment and connectivity. The property is particularly well placed for transport connectivity, which remains one of the primary drivers of tenant demand in the area. Feltham Station is located approximately 0.3 miles away, offering direct services to London Waterloo as well as connections across the South West rail network. This provides an efficient commute into Central London, typically within 30 minutes, while also offering convenient access to nearby hubs such as Richmond and Clapham Junction. In addition, the property is within easy reach of Heathrow Airport (approximately 2.5 miles), a major employment centre that underpins strong and sustained rental demand from aviation and associated industries. Road users benefit from proximity to the A316, M3, and M25, supporting wider regional accessibility. From an investment perspective, the location is supported by a broad range of retail and leisure amenities within walking distance. Feltham town centre provides a comprehensive offering, including a shopping centre with over 60 stores, supermarkets, restaurants, and leisure facilities, as well as the nearby Leisure West complex which includes a cinema and additional dining options. The immediate area around Ashfield Avenue also benefits from multiple supermarkets and day-to-day conveniences within approximately 0.5 miles, reinforcing its appeal to tenants seeking accessibility and convenience. Terms GUIDE PRICE: £1,500,000 subject to contract. TENURE: Freehold. VAT: The property is not elected for VAT.

Key Features:
Prominent Freehold Building.
Appealing Period Architecture.
Attractive Capital value at just £361 p/sq/ft.
Double Garage &amp; Additional Parking.
Occupying a very substantial plot.
Immediate Development Opportunity (STP).","[{'title': 186, 'type': 187, 'primaryText': 188, 'secondaryText': 189, 'tooltipText': 113}, {'title': 191, 'type': 191, 'primaryText': 17, 'secondaryText': 113, 'tooltipText': 113}]","['Prominent Freehold Building.', 'Appealing Period Architecture.', 'Attractive Capital value at just £361 p/sq/ft.', 'Double Garage &amp; Additional Parking.', 'Occupying a very substantial plot.', 'Immediate Development Opportunity (STP).']",{'listingUpdateReason': 113},"[{'name': 137, 'types': 138, 'distance': 140, 'unit': 141}, {'name': 143, 'types': 144, 'distance': 146, 'unit': 141}, {'name': 148, 'types': 149, 'distance': 150, 'unit': 141}]","Commercial development for sale in Blair Atholl House, Ashfield Avenue, Feltham, TW13 5BB, TW13",TW13 5BB,"£1,500,000.00",,"Commercial development for sale in Blair Atholl House, Ashfield Avenue, Feltham, TW13 5BB, TW13 for £1,500,000. Marketed by MERIDIAN CP, London",0.0951790633608815,,FREEHOLD,"{'tenureType': 'FREEHOLD', 'yearsRemainingOnLease': None, 'message': None}",,,,,,,,,,,,,,,,,,,,,,,,,,Nursery,High,"The listing explicitly states the property is a 'Vacant FREEHOLD Nursery Building' and is currently 'configured and operated as a Nursery (Use Class E)'. While it mentions potential for other uses, its current and primary identity in the listing is a nursery."
758756684610048.0,Freehold airspace development opportunity to create three apartments in Camberwell.,"41 Peckham Road, Camberwell, London, SE5 8UH",51.473992,-0.081063,RESIDENTIAL_DEVELOPMENT,,350000.0,not specified,GBP,2026-06-19T13:57:04Z,2026-06-19T14:03:03Z,2026-06-19T14:03:03Z,new,True,False,3.0,new,,SE,,,,"{'displayAddress': '41 Peckham Road, Camberwell, London, SE5 8UH', 'postcode': 'SE5 8UH', 'latitude': 51.473992, 'longitude': -0.081063}",,"GLPG, Marylebone",020 3974 2714,,"The mixed-use property is split across four storeys and comprises one commercial unit on the ground-floor (let to Sainsbury’s) and nine apartments on the upper floors, all of which have been sold-off on long-leases. The property benefits from planning permission to build a one storey roof extension to create three apartments. The total proposed NIA is approximately 177.9 sqm (1,915 sqft). The total proposed GIA is approximately 211.5 sqm (2,277 sqft). The estimated CIL liability is approximately £24,834, and no Section 106 contributions. The property is for sale freehold by way of informal tender at Offers in Excess of £350,000, subject to contract.

Key Features:
Airspace development opportunity
Consent to build a one-storey roof extension (3 apartments)
Proposed NIA is approx. 177.9 sqm (1,915 sqft)
Proposed GIA is approx. 211.5 sqm (2,277 sqft)",[],"['Airspace development opportunity', 'Consent to build a one-storey roof extension (3 apartments)', 'Proposed NIA is approx. 177.9 sqm (1,915 sqft)', 'Proposed GIA is approx. 211.5 sqm (2,277 sqft)']",[],"[{'distance': 0.5367317470740187, 'name': 'Denmark Hill Station', 'types': ['NATIONAL_TRAIN'], 'unit': 'miles'}, {'distance': 0.594722603387274, 'name': 'Peckham Rye Station', 'types': ['NATIONAL_TRAIN'], 'unit': 'miles'}, {'distance': 0.8585158192840058, 'name': 'East Dulwich Station', 'types': ['NATIONAL_TRAIN'], 'unit': 'miles'}]","41 Peckham Road, Camberwell, London, SE5 8UH",SE5 8UH,"£350,000.00",,Freehold airspace development opportunity to create three apartments in Camberwell.,,,,{'tenureType': ''},,,,,,,,,,,,,,,,,,,,,,,,,,Food Store,Medium,"The property currently contains a commercial unit let to Sainsbury's, which aligns with the 'Existing retail units' and 'Food store' acquisition criteria. While other features describe residential development, the specific commercial component matches the Food Store category requirements."
89922468.0,"Units 2, 3 & 4 District Business Park comprise a substantial industrial and warehouse complex extending to approximately 23,816 sq ft (2,212 sq m) across three units. The property provides flexible accommodation suitable for manufacturing, storage, engineering and distribution uses. The units offer","Units 2, 3, and 4 District Business Park, Birchills Street, Walsall",52.5884,-1.99364,,FREEHOLD,1900000.0,not specified,GBP,2026-06-19T14:03:14Z,2026-06-19T14:09:10Z,2026-06-21T17:59:27Z,new,True,False,8.0,new,,West Midlands,,,,"{'displayAddress': 'Units 2, 3, and 4 District Business Park, Birchills Street, Walsall', 'countryCode': 'GB', 'deliveryPointId': None, 'ukCountry': 'England', 'outcode': 'WS2', 'incode': '8NG'}","5 Heath Lane
Stourbridge
DY8 1RF",LEX ALLAN LIMITED,01384 437734,DY8 1RF,"Units 2, 3 & 4 District Business Park comprise a substantial industrial and warehouse complex extending to approximately 23,816 sq ft (2,212 sq m) across three units. The property provides flexible accommodation suitable for manufacturing, storage, engineering and distribution uses. The units offer predominantly open-plan warehouse space with good internal working heights (6m to eaves), extensive roof lighting and loading access. The property has been maintained to support industrial operations and benefits from a secure and practical layout. Externally, the site provides ample parking and loading space to the front, together with a secure fenced side yard suitable for storage, vehicle parking or operational use. Unit 2: Warehouse - 9,647 Sq Ft Offices / Toilets - 654 Sq Ft Mezzanine - 2,004 Sq Ft Staff Room - 221 Sq Ft Total - 12,526 Sq Ft Unit 3: Warehouse - 8,270 Sq Ft Offices - 256 Sq Ft W/C Block - 235 Sq Ft Kitchen - 189 Sq Ft FF Office - 183 Sq Ft Unit 4 - 2,157 Sq Ft Total - 23,816 Sq Ft District Business Park is situated on Birchills Street, Walsall, a well-established commercial and industrial location approximately 1 mile north of Walsall town centre. The property benefits from excellent access to the regional motorway network via Junctions 9 and 10 of the M6, providing connectivity throughout the West Midlands and wider UK motorway network. The surrounding area is home to a range of industrial, trade and logistics occupiers, making the location particularly attractive for businesses seeking a central Black Country base. Freehold Rateable Value - £111,000 Rates Payable - £55,389 approx. Price available upon application.

Key Features:
RARE FREEHOLD OPPORTUNITY
SECURE FENCED SIDE YARD
EXCELLENT MOTORWAY CONNECTIVITY 
GOOD INTERNAL WORKING HEIGHT","[{'title': 168, 'type': 169, 'primaryText': 170, 'secondaryText': 171, 'tooltipText': 20}, {'title': 173, 'type': 173, 'primaryText': 17, 'secondaryText': 20, 'tooltipText': 20}]","['RARE FREEHOLD OPPORTUNITY', 'SECURE FENCED SIDE YARD', 'EXCELLENT MOTORWAY CONNECTIVITY ', 'GOOD INTERNAL WORKING HEIGHT']",{'listingUpdateReason': 20},"[{'name': 122, 'types': 123, 'distance': 125, 'unit': 126}, {'name': 128, 'types': 129, 'distance': 130, 'unit': 126}, {'name': 132, 'types': 133, 'distance': 134, 'unit': 126}]","Light industrial facility for sale in Units 2, 3, and 4 District Business Park, Birchills Street, Walsall, WS2",WS2 8NG,POA,,"Light industrial facility for sale in Units 2, 3, and 4 District Business Park, Birchills Street, Walsall, WS2 for POA. Marketed by Hexagon Commercial Property, Stourbridge",0.54674012855831,,FREEHOLD,"{'tenureType': 'FREEHOLD', 'yearsRemainingOnLease': None, 'message': None}",,,,,,,,,,,,,,,,,,,,,,,,,,None,High,"The property is described as a light industrial and warehouse facility suitable for manufacturing, storage, engineering, and distribution. There is no mention of food-related uses, retail components, or any features that would suggest conversion into a Food Store."
88931949.0,FOR SALE - Vacant FREEHOLD Nursery Building close to Hayes & Harlington Station,"Hackland House, 346 Yeading Lane, Hayes, UB4 9AY",51.529197,-0.397976,,FREEHOLD,775000.0,not specified,GBP,2026-05-26T14:28:32Z,2026-05-26T14:34:06Z,2026-06-21T07:44:00Z,new,True,False,6.0,new,,UB,,,,"{'displayAddress': 'Hackland House, 346 Yeading Lane, Hayes, UB4 9AY', 'countryCode': 'GB', 'deliveryPointId': None, 'ukCountry': 'England', 'outcode': 'UB4', 'incode': '9AY'}","4th Floor, 
3 Mandeville Place,
London,
W1U 3AP",MERIDIAN COMMERCIAL PROPERTY PARTNERS LTD,020 4634 5383,W1U 3AP,"Description An exceptional opportunity to acquire this substantial freehold property extending to approximately 2,401 sq ft, currently configured as a children’s nursery and offered to the market with full vacant possession. This versatile space presents a wealth of possibilities for a variety of future uses, subject to the necessary consents, making it an appealing prospect for investors, developers, or owner-occupiers alike. The property offers a bright and welcoming interior, featuring a large open-plan activity room filled with natural light alongside a range of well-proportioned ancillary spaces. The layout is both practical and highly adaptable, lending itself perfectly to continued childcare or educational use, or alternatively reconfiguration for residential or other commercial purposes. A well-equipped kitchen is already in place, supported by multiple storage areas and facilities, providing a functional and ready-to-use environment or a blank canvas for redesign. Externally, the property benefits from a secure outdoor area with covered sections, ideal for year-round use, as well as a prominent frontage with enclosed boundaries that offer both privacy and security. To the rear, there is the added advantage of a private car park, providing convenient off-street parking. Location Hackland House is located in Hayes, within the London Borough of Hillingdon, an area that has seen significant regeneration and sustained investor interest in recent years. Its West London location, combined with strong transport connectivity and proximity to Heathrow Airport, underpins long-term rental demand and capital growth potential. The property benefits from excellent connectivity, a key driver for investment value. Nearby Hayes & Harlington Station provides direct access to the Elizabeth Line, delivering fast connections into Central London, the West End, Canary Wharf, and Heathrow Airport. This has substantially enhanced the area’s appeal to commuters and tenants, strengthening both rental yields and resale prospects. In addition, the area is well served by major road networks including the A312, A40, and M4, offering efficient links across London and the wider South East. Terms PRICE: £750,000 subject to contract. TENURE: Freehold. VAT: The property is not elected for VAT.

Key Features:
Comprehensive offering to the Nursery Sector
Arranged across two floors only
Two Fully Enclosed Play Areas
Large forecourt parking area.
Superbly fitted specific to this User Type.
Attractive Capital Value at just£312 p/sq/ft.","[{'title': 168, 'type': 169, 'primaryText': 170, 'secondaryText': 171, 'tooltipText': 20}, {'title': 173, 'type': 173, 'primaryText': 17, 'secondaryText': 20, 'tooltipText': 20}]","['Comprehensive offering to the Nursery Sector', 'Arranged across two floors only', 'Two Fully Enclosed Play Areas', 'Large forecourt parking area.', 'Superbly fitted specific to this User Type.', 'Attractive Capital Value at just£312 p/sq/ft.']",{'listingUpdateReason': 20},"[{'name': 121, 'types': 122, 'distance': 124, 'unit': 125}, {'name': 127, 'types': 128, 'distance': 130, 'unit': 125}, {'name': 132, 'types': 133, 'distance': 134, 'unit': 125}]","Commercial property for sale in Hackland House, 346 Yeading Lane, Hayes, UB4 9AY, UB4",UB4 9AY,"£775,000.00",,"Commercial property for sale in Hackland House, 346 Yeading Lane, Hayes, UB4 9AY, UB4 for £775,000. Marketed by MERIDIAN CP, London",0.055119375573921,,FREEHOLD,"{'tenureType': 'FREEHOLD', 'yearsRemainingOnLease': None, 'message': None}",,,,,,,,,,,,,,,,,,,,,,,,,,Nursery,High,"The property is explicitly described as a 'children’s nursery' and a 'comprehensive offering to the Nursery Sector.' It contains specific features like enclosed play areas and a layout suitable for childcare, with the listing mentioning it is specifically fitted for this user type."
73143559,,"Harbour Road, Beadnell, Northumberland NE67",,,retail,,300000.0,,,,,,,,,,new,,,,,,,"Bradley Hall, 33-39 Grey Street, Newcastle Upon Tyne",Bradley Hall,0191 686 9796,NE1 6EE,"Location Seabreeze is located in the highly desirable village of Beadnell on the Northumberland Coast. Beadnell is set at the end of a glorious 2-mile stretch of beach known as Beadnell Bay and benefits from a high volume of tourists and is a hub for water sports in the region. With exception to cafes, pubs and restaurants the subject property is the only commercial retail unit within the village providing a unique opportunity to own a commercial investment within the village. The property is situated on Harbour Road just off the B1340 as you enter the village and therefore benefits from a prominent position right on the sea front with high numbers of walkers passing daily. Description The property comprises a semi detached single storey retail unit with public car parking immediately available. Internally the property is finished to a good standard with open plan retail space used as a small convenience store. There is a further subdivided storage room. Accommodation The Net Internal Area of the property is 90.50 sq m (974 sq ft). Investment Summary The property is let on a 9 year fully repairing and insuring lease from 25 July 2021. The lease contains rent review and break clauses on each third anniversary of the term. The current passing rent is £16,000 per annum. The asset is highly reversionary with potential for rental growth. The business does not form part of the sale and will remain unaffected by the sale of the property. EPC The property has an EPC rating of C – 73 dated 13 April 2021. Rating Assessment The rateable value of the premises as at 1 April 2026 is £14,000 and the estimated rates payable for the current year is £6,048. This is based on the standard Small Business Rates of 43.2p in the pound, however, interested parties should confirm with the local authority. Tenure We understand the property is held Freehold. Aml Regulations In accordance with Anti-Money Laundering Regulations the Purchaser will be required to provide two forms of identification and proof of the source of income. Legal Costs Each party is responsible for their own legal costs VAT All rents, premiums and purchase prices quoted herin are exclusive of VAT. All offers are made to Bradley Hall upon this basis and where silent offers will be deemed net of VAT.",,,,,,NE67 5BB,,north-east,,,,freehold,,Retail premises for sale,Location Seabreeze is located in the highly desirable village of Beadnell on the Northumberland Coast. Beadnell is set at the end of a glorious ...,GBP,"[{'__typename': 'PointOfInterest', 'title': 'Seahouses Primary School', 'type': 'uk_school_primary', 'distanceMiles': 1.6}, {'__typename': 'PointOfInterest', 'title': 'Chathill', 'type': 'national_rail_station', 'distanceMiles': 3.3}, {'__typename': 'PointOfInterest', 'title': 'Embleton Vincent Edwards Church of England Primary School', 'type': 'uk_school_primary', 'distanceMiles': 4.2}]","{'__typename': 'ListingAnalyticsTaxonomy', 'location': 'Beadnell', 'regionName': 'North East England', 'section': 'for-sale', 'areaName': 'Beadnell, Chathill', 'bedsMax': None, 'bedsMin': None, 'branchId': 63526, 'branchLogoUrl': 'https://st.zoocdn.com/zoopla_static_agent_logo_(772927).png', 'branchName': 'Bradley Hall', 'brandName': 'Bradley Hall', 'chainFree': False, 'companyId': 29162, 'countryCode': 'gb', 'countyAreaName': 'Northumberland', 'currencyCode': 'GBP', 'displayAddress': 'Harbour Road, Beadnell, Northumberland NE67', 'furnishedState': '', 'groupId': None, 'hasEpc': False, 'hasFloorplan': False, 'incode': '5BB', 'isRetirementHome': False, 'isSharedOwnership': False, 'listingCondition': 'pre-owned', 'listingId': 73143559, 'listingsCategory': 'commercial', 'listingStatus': 'for_sale', 'memberType': 'agent', 'numBaths': None, 'numBeds': None, 'numImages': 1, 'numRecepts': None, 'outcode': 'NE67', 'postalArea': 'NE', 'postTownName': 'Chathill', 'priceActual': 300000, 'price': 300000, 'priceMax': 300000, 'priceMin': 300000, 'priceQualifier': 'guide_price', 'propertyHighlight': '', 'propertyType': 'retail', 'sizeSqFeet': '', 'smartTags': None, 'tenure': 'freehold', 'zindex': None}",,0.0,,,,,,,,,,,,,,,,,,,Food Store,High,"The property is explicitly described as a 'retail unit' and a 'convenience store', which aligns with the Food Store acquisition opportunities (existing retail units). It also features a prominent roadside location and high footfall, which are identified as positive indicators for this category."
HK-F003,Vacant D1 Unit - Suitable Nursery/Children's Day Care - Maidstone,"Unit 4, Ashford Road Retail Park, Maidstone, ME14 5LH",,,retail,,510000.0,,,,,,,,,,,,,,,,,,,,,"Long leasehold commercial unit benefiting from existing D1 planning consent specifically for use as a children's day nursery, most recently trading as a nursery for children aged 0 to 5 before the operator's lease expired. The unit retains nursery-specific fixtures including low-level sinks, a fitted kitchen, and a secured enclosed outdoor play area to the rear. Allocated parking to the front supports staff and parent drop-off. The retail park benefits from good road access and is situated within a residential catchment with limited existing childcare provision nearby.",,"['D1 use class (children\'s nursery consent in place)', '3,050 sq ft', 'Secure enclosed outdoor play area', 'Allocated parking for staff drop-off', 'Previously fitted for 0-5 age group', 'Long leasehold, 99 years remaining']",,,,,,,,,,LONG_LEASEHOLD,,,,,,,,,,,,,,,,,,,,,,,,,,,Nursery,High,"The property has specific D1 planning consent for a children's nursery, includes nursery-specific fixtures (low-level sinks, fitted kitchen), and features an enclosed outdoor play area. The description explicitly states it is suitable for use as a nursery or childcare."
89908812.0,Former Costcutter supermarket and two flats available to purchase. Located within a pleasant market town. Freehold. Commercial section would suit a variety of alternative uses.,"Commercial Street, Tadcaster",53.886405,-1.258774,,FREEHOLD,450000.0,not specified,GBP,2026-06-19T10:58:56Z,2026-06-19T11:04:06Z,2026-06-19T11:04:06Z,new,True,False,11.0,new,,LS,,,,"{'displayAddress': 'Commercial Street, Tadcaster', 'countryCode': 'GB', 'deliveryPointId': None, 'ukCountry': 'England', 'outcode': 'LS24', 'incode': '8AB'}","17 Colliergate,
York,
YO1 8BN",Stephensons Estate Agents LLP,01904 935779,YO1 8BN,"Former Costcutter supermarket and two flats available to purchase. Located within a pleasant market town. Freehold. Commercial section would suit a variety of alternative uses. Description - The property forms a ‘First Generation’, former Costcutter supermarket.  It is of stone construction beneath a part pitched and part flat roof. A substantial basement area is provided accessed via a rear yard. Two, separately accessed flats are also included.  There a 1 and 2-bed unit, respectively. The 1 bed flat also benefits from a pleasant external balcony. The flats have gas fired central heating, served by combination boilers. Location - The property is located in Tadcaster, a popular market town 15 miles north-east of Leeds and 10 miles south-west of York. The property is prominently positioned to the eastern side of the town on the main road extending through the centre. It benefits from a return frontage onto Rosemary Court. Tadcaster is a popular commuter town which caters for both York and Leeds.  It has seen a good deal of house price growth in the recent times. On-street parking is available to the front of the property with a maximum waiting time. A large housing estate is to the rear of the property which is beneficial from a customer perspective. Accommodation - The ground floor commercial accommodation extends to approximately 346.92 m2 (3,734 sqft).  The basement store / cellar extends to approximately 165.1 m2 (1,777 sqft).  The two flats (including communal area) extend to approximately 86.26 m2 (929 sqft). The total floor area is approximately 598.28 m2 (6,440 sqft). Tenure - We believe that the property is held on a freehold basis.  A right of way for fire escape purposes exists over the Sainsbury’s car park. The property will be sold vacant with no lease or third party agreement in place. Local Authority - North Yorkshire Council. Rates - The commercial section of the property is assessed for non-domestic rating purpose as having a rateable value of £31,000. The flats are both assessed for Council Tax Purposes as falling within Band A. Energy Performance Certificates - The commercial section has an EPC rating of D(94).  The two flats have EPC ratings of D(67) and D(68). Copies of the EPC certificates can be provided by the agent. Planning - We believe that part of the property may fall within Tadcaster’s historic Conservation Area. Planning consent for the conversion of former offices into the flats was passed in 1997 under reference CO/1997/0255. We believe that the commercial accommodation benefits from planning permission for Class E purposes. Prospective purchasers looking towards alternative uses are invited to make their own enquiries with the planning department of North Yorkshire Council. Services - We believe that all mains’ services are connected to the property. A goods lift links ground floor to basement / cellar levels.   This is presently out of order and in need of repair. The two flats benefit from gas fired central heating systems. Fire and intruder alarms are provided. Prices - Offers of around £450,000 are invited for the freehold interest. Viewings/Further Information - Please contact James Reynolds of the York office for more information or to arrange a viewing. Imagery Disclaimer: Some photographs and videos within these sales particulars may have been digitally enhanced or edited for marketing purposes. They are intended to provide a general representation of the property and should not be relied upon as an exact depiction.

Key Features:
Former Costcutter supermarket
2 flats (1x1 bed &amp; 1x 2 bed)
6440 sq ft
Freehold
Located in pleasant market town
Commercial section suitable for a variety of alternative uses","[{'title': 199, 'type': 200, 'primaryText': 201, 'secondaryText': 202, 'tooltipText': 20}, {'title': 204, 'type': 204, 'primaryText': 17, 'secondaryText': 20, 'tooltipText': 20}]","['Former Costcutter supermarket', '2 flats (1x1 bed &amp; 1x 2 bed)', '6440 sq ft', 'Freehold', 'Located in pleasant market town', 'Commercial section suitable for a variety of alternative uses']",{'listingUpdateReason': 20},"[{'name': 156, 'types': 157, 'distance': 159, 'unit': 160}, {'name': 162, 'types': 163, 'distance': 164, 'unit': 160}]","Commercial property for sale in Commercial Street, Tadcaster, LS24",LS24 8AB,"£450,000.00",,"Commercial property for sale in Commercial Street, Tadcaster, LS24 for £450,000. Marketed by Stephensons Commercial, York",0.147842056932966,,FREEHOLD,"{'tenureType': 'FREEHOLD', 'yearsRemainingOnLease': None, 'message': None}",,,,,,,,,,,,,,,,,,,,,,,,,,Food Store,High,"The property is a former 'Costcutter' supermarket. Although the listing mentions suitability for alternative uses, its existing and previous identity as a supermarket directly aligns with the Food Store category."
